epoch,lr,train_ring_loss,train_defect_loss,train_cls_loss,ring_dice,ring_mae,box_map50_95,box_map50,box_recall50,knot_ap50_95,knot_ap50,knot_recall50,knot_support,crack_ap50_95,crack_ap50,crack_recall50,crack_support,mask_map50_95,mask_map50,oracle_inst_cls_f1,cls_acc,cls_macro_f1,cls_bal_acc,cls_normal_f1,cls_knot_f1,cls_crack_f1,score,score_ema
1,0.0002,2.3219,2.7216,0.6341,0.3251,0.3082,0.026,0.105,0.3243,0.0503,0.2006,0.4729,3844,0.0018,0.0093,0.1756,262,0.0304,0.1223,0.8451,0.9541,0.8962,0.9281,0.8845,0.9736,0.8303,1.2778,
2,0.0001998,2.2329,0.7265,0.1811,,,,,,,,,,,,,,,,,,,,,,,,
3,0.0001996,2.2241,0.9837,0.3017,,,,,,,,,,,,,,,,,,,,,,,,
4,0.0001992,2.1648,0.6023,0.2034,,,,,,,,,,,,,,,,,,,,,,,,
5,0.0001988,2.136,0.7419,0.1973,0.3357,0.31,0.094,0.3269,0.7128,0.1639,0.5369,0.8111,3844,0.0241,0.1169,0.6145,262,0.1196,0.3992,0.8914,0.8918,0.8341,0.8913,0.9077,0.934,0.6608,1.3835,
6,0.0001982,2.1322,0.6231,0.2051,,,,,,,,,,,,,,,,,,,,,,,,
7,0.0001976,2.1285,0.6018,0.2039,,,,,,,,,,,,,,,,,,,,,,,,
8,0.0001969,2.1387,0.5919,0.1626,,,,,,,,,,,,,,,,,,,,,,,,
9,0.000196,2.1177,0.5363,0.1365,,,,,,,,,,,,,,,,,,,,,,,,
10,0.0001951,2.0863,0.5507,0.1334,0.3484,0.308,0.1214,0.3883,0.7099,0.204,0.6151,0.897,3844,0.0388,0.1614,0.5229,262,0.1411,0.4302,0.9396,0.9006,0.8388,0.9207,0.9091,0.9422,0.6651,1.4496,
11,0.0001941,1.9902,0.5704,0.2046,,,,,,,,,,,,,,,,,,,,,,,,
12,0.000193,1.9989,0.7958,0.1087,,,,,,,,,,,,,,,,,,,,,,,,
13,0.0001918,2.0283,0.5071,0.1393,,,,,,,,,,,,,,,,,,,,,,,,
14,0.0001905,2.0074,0.6196,0.1251,,,,,,,,,,,,,,,,,,,,,,,,
15,0.0001891,2.0383,0.6317,0.1838,0.3866,0.2583,0.1556,0.4991,0.8334,0.2367,0.7221,0.9035,3844,0.0745,0.2761,0.7634,262,0.1565,0.4967,0.952,0.9643,0.9028,0.8937,0.8459,0.9811,0.8815,1.6015,
16,0.0001876,2.0467,0.6303,0.1661,,,,,,,,,,,,,,,,,,,,,,,,
17,0.0001861,2.0179,0.7221,0.12,,,,,,,,,,,,,,,,,,,,,,,,
18,0.0001844,1.9785,0.4966,0.1305,,,,,,,,,,,,,,,,,,,,,,,,
19,0.0001827,2.0203,0.6062,0.0823,,,,,,,,,,,,,,,,,,,,,,,,
20,0.0001809,2.0051,0.5743,0.6187,0.3755,0.2573,0.1828,0.5193,0.8458,0.2851,0.7767,0.9168,3844,0.0805,0.262,0.7748,262,0.1886,0.5424,0.9369,0.8611,0.823,0.9167,0.96,0.9134,0.5957,1.5699,
21,0.000179,1.9328,0.5865,0.1619,,,,,,,,,,,,,,,,,,,,,,,,
22,0.0001771,2.0095,0.5593,0.0873,,,,,,,,,,,,,,,,,,,,,,,,
23,0.000175,1.9349,0.5493,0.1267,,,,,,,,,,,,,,,,,,,,,,,,
24,0.0001729,1.963,0.4896,0.1001,,,,,,,,,,,,,,,,,,,,,,,,
25,0.0001707,1.956,0.4998,0.2092,0.3686,0.2785,0.2049,0.546,0.8256,0.325,0.817,0.9337,3844,0.0849,0.275,0.7176,262,0.1986,0.5411,0.969,0.961,0.9224,0.936,0.9639,0.9785,0.8249,1.6946,
26,0.0001685,1.9027,0.5706,0.091,,,,,,,,,,,,,,,,,,,,,,,,
27,0.0001661,1.9108,0.4775,0.1242,,,,,,,,,,,,,,,,,,,,,,,,
28,0.0001637,1.9202,0.6602,0.0839,,,,,,,,,,,,,,,,,,,,,,,,
29,0.0001613,1.9101,0.5049,0.0674,,,,,,,,,,,,,,,,,,,,,,,,
30,0.0001588,1.8494,0.6925,0.0433,0.3837,0.2551,0.214,0.5836,0.8793,0.3016,0.7856,0.9342,3844,0.1264,0.3817,0.8244,262,0.2215,0.5943,0.9368,0.9224,0.8512,0.9351,0.8559,0.9555,0.742,1.6704,
31,0.0001562,1.8422,0.463,0.0798,,,,,,,,,,,,,,,,,,,,,,,,
32,0.0001536,1.8894,0.5116,0.0617,,,,,,,,,,,,,,,,,,,,,,,,
33,0.0001509,1.865,0.9835,0.0707,,,,,,,,,,,,,,,,,,,,,,,,
34,0.0001482,1.8693,0.4356,0.0383,,,,,,,,,,,,,,,,,,,,,,,,
35,0.0001454,1.8716,0.5925,0.1359,0.3823,0.278,0.2071,0.558,0.8254,0.3006,0.7959,0.937,3844,0.1136,0.3201,0.7137,262,0.2058,0.5715,0.9584,0.8724,0.7845,0.9056,0.8049,0.923,0.6256,1.5797,
36,0.0001426,1.7636,0.5276,0.0816,,,,,,,,,,,,,,,,,,,,,,,,
37,0.0001397,1.8356,0.5044,0.0542,,,,,,,,,,,,,,,,,,,,,,,,
38,0.0001368,1.833,0.47,0.107,,,,,,,,,,,,,,,,,,,,,,,,
39,0.0001339,1.8267,0.5439,0.0631,,,,,,,,,,,,,,,,,,,,,,,,
40,0.0001309,1.8004,0.4385,0.0485,0.4394,0.2246,0.2114,0.5762,0.8162,0.2958,0.7882,0.9186,3844,0.1271,0.3642,0.7137,262,0.2074,0.5799,0.946,0.8843,0.8244,0.9269,0.9148,0.9316,0.6267,1.6826,
41,0.0001279,1.8237,0.5069,0.0918,,,,,,,,,,,,,,,,,,,,,,,,
42,0.0001249,1.8126,0.5118,0.0315,,,,,,,,,,,,,,,,,,,,,,,,
43,0.0001218,1.7696,0.5205,0.0676,,,,,,,,,,,,,,,,,,,,,,,,
44,0.0001187,1.776,0.4758,0.0535,,,,,,,,,,,,,,,,,,,,,,,,
45,0.0001156,1.7576,0.419,0.0724,0.4017,0.2543,0.2547,0.6492,0.8772,0.3518,0.8494,0.9415,3844,0.1576,0.4491,0.813,262,0.2573,0.6587,0.9681,0.9817,0.9554,0.971,0.9504,0.9906,0.9251,1.8691,
46,0.0001125,1.8305,0.5911,0.0539,,,,,,,,,,,,,,,,,,,,,,,,
47,0.0001094,1.7979,0.5085,0.0435,,,,,,,,,,,,,,,,,,,,,,,,
48,0.0001063,1.7464,0.5848,0.045,,,,,,,,,,,,,,,,,,,,,,,,
49,0.0001031,1.7698,0.4712,0.0503,,,,,,,,,,,,,,,,,,,,,,,,
50,0.0001,1.7153,0.4862,0.0643,0.438,0.2255,0.2624,0.6223,0.8682,0.381,0.8651,0.9464,3844,0.1438,0.3796,0.7901,262,0.2589,0.6252,0.9461,0.8854,0.8431,0.9267,0.9685,0.9298,0.6311,1.8025,
51,9.69e-05,1.7129,0.4622,0.0427,,,,,,,,,,,,,,,,,,,,,,,,
52,9.37e-05,1.7471,0.4199,0.0486,,,,,,,,,,,,,,,,,,,,,,,,
53,9.06e-05,1.7517,0.5262,0.0339,,,,,,,,,,,,,,,,,,,,,,,,
54,8.75e-05,1.7449,0.4581,0.0351,,,,,,,,,,,,,,,,,,,,,,,,
55,8.44e-05,1.7181,0.4906,0.0557,0.4322,0.2169,0.2586,0.6449,0.8659,0.3644,0.8508,0.9303,3844,0.1528,0.439,0.8015,262,0.2492,0.6486,0.9662,0.9059,0.8617,0.9357,0.9637,0.9436,0.6778,1.8017,
56,8.13e-05,1.7284,0.4691,0.0334,,,,,,,,,,,,,,,,,,,,,,,,
57,7.82e-05,1.7402,0.4319,0.0357,,,,,,,,,,,,,,,,,,,,,,,,
58,7.51e-05,1.6967,0.4343,0.0558,,,,,,,,,,,,,,,,,,,,,,,,
59,7.21e-05,1.7183,0.5423,0.0404,,,,,,,,,,,,,,,,,,,,,,,,
60,6.91e-05,1.733,0.4302,0.032,0.4212,0.226,0.2896,0.6729,0.8666,0.3816,0.8606,0.9355,3844,0.1977,0.4853,0.7977,262,0.2877,0.679,0.9748,0.9762,0.9472,0.9679,0.9596,0.9878,0.894,1.9457,
61,6.61e-05,1.7057,0.4749,0.0486,,,,,,,,,,,,,,,,,,,,,,,,
62,6.32e-05,1.723,0.4429,0.0299,,,,,,,,,,,,,,,,,,,,,,,,
63,6.03e-05,1.6572,0.4112,0.027,,,,,,,,,,,,,,,,,,,,,,,,
64,5.74e-05,1.6541,0.4541,0.0341,,,,,,,,,,,,,,,,,,,,,,,,
65,5.46e-05,1.7731,0.4443,0.0237,0.4322,0.2284,0.2875,0.6714,0.8767,0.3883,0.8695,0.9365,3844,0.1866,0.4734,0.8168,262,0.2744,0.6633,0.9731,0.9848,0.9621,0.9768,0.96,0.9926,0.9337,1.9562,
66,5.18e-05,1.6877,0.4495,0.0268,,,,,,,,,,,,,,,,,,,,,,,,
67,4.91e-05,1.6565,0.4534,0.0245,,,,,,,,,,,,,,,,,,,,,,,,
68,4.64e-05,1.6882,0.4113,0.0205,,,,,,,,,,,,,,,,,,,,,,,,
69,4.38e-05,1.6794,0.4258,0.0217,,,,,,,,,,,,,,,,,,,,,,,,
70,4.12e-05,1.6749,0.4138,0.0169,0.4213,0.2259,0.2886,0.6694,0.8816,0.3627,0.8453,0.9311,3844,0.2146,0.4936,0.8321,262,0.2726,0.676,0.9744,0.9575,0.925,0.9673,0.9763,0.9758,0.8228,1.9075,
71,3.87e-05,1.7309,0.4445,0.0197,,,,,,,,,,,,,,,,,,,,,,,,
72,3.63e-05,1.6792,0.4033,0.0204,,,,,,,,,,,,,,,,,,,,,,,,
73,3.39e-05,1.6983,0.4149,0.0275,,,,,,,,,,,,,,,,,,,,,,,,
74,3.15e-05,1.6595,0.4046,0.0304,,,,,,,,,,,,,,,,,,,,,,,,
75,2.93e-05,1.5717,0.4391,0.0252,0.4461,0.218,0.3072,0.6894,0.8763,0.3945,0.8667,0.9396,3844,0.22,0.5122,0.813,262,0.2952,0.7037,0.9751,0.9317,0.89,0.9513,0.9667,0.96,0.7433,1.9386,
76,2.71e-05,1.6386,0.3876,0.0139,,,,,,,,,,,,,,,,,,,,,,,,
77,2.5e-05,1.6219,0.4062,0.0278,,,,,,,,,,,,,,,,,,,,,,,,
78,2.29e-05,1.5837,0.4081,0.025,,,,,,,,,,,,,,,,,,,,,,,,
79,2.1e-05,1.5958,0.4061,0.0308,,,,,,,,,,,,,,,,,,,,,,,,
80,1.91e-05,1.6237,0.4005,0.0181,0.4576,0.2065,0.2953,0.6774,0.8873,0.3891,0.8677,0.9425,3844,0.2016,0.4871,0.8321,262,0.2824,0.6798,0.972,0.9259,0.8784,0.9371,0.9573,0.9568,0.721,1.9138,
81,1.73e-05,1.7023,0.4341,0.0119,,,,,,,,,,,,,,,,,,,,,,,,
82,1.56e-05,1.5885,0.4104,0.0116,,,,,,,,,,,,,,,,,,,,,,,,
83,1.39e-05,1.6468,0.4494,0.0146,,,,,,,,,,,,,,,,,,,,,,,,
84,1.24e-05,1.613,0.4088,0.014,,,,,,,,,,,,,,,,,,,,,,,,
85,1.09e-05,1.6047,0.4286,0.0099,0.4585,0.2063,0.3206,0.7052,0.9084,0.4058,0.8813,0.9467,3844,0.2354,0.529,0.8702,262,0.2998,0.6951,0.9731,0.8728,0.8168,0.8802,0.959,0.9233,0.568,1.8956,
86,9.5e-06,1.5351,0.3908,0.0168,,,,,,,,,,,,,,,,,,,,,,,,
87,8.2e-06,1.5842,0.4035,0.0291,,,,,,,,,,,,,,,,,,,,,,,,
88,7e-06,1.6073,0.3953,0.0193,,,,,,,,,,,,,,,,,,,,,,,,
89,5.9e-06,1.5837,0.427,0.017,,,,,,,,,,,,,,,,,,,,,,,,
90,4.9e-06,1.638,0.3883,0.0218,0.4584,0.2062,0.3131,0.6967,0.9026,0.3945,0.872,0.9464,3844,0.2317,0.5214,0.8588,262,0.2929,0.6961,0.972,0.8721,0.8226,0.9003,0.959,0.9224,0.5863,1.887,
91,4e-06,1.5882,0.4438,0.0133,,,,,,,,,,,,,,,,,,,,,,,,
92,3.1e-06,1.6332,0.4021,0.0085,,,,,,,,,,,,,,,,,,,,,,,,
93,2.4e-06,1.621,0.4169,0.0136,,,,,,,,,,,,,,,,,,,,,,,,
94,1.8e-06,1.6341,0.4335,0.0109,,,,,,,,,,,,,,,,,,,,,,,,
95,1.2e-06,1.5893,0.3645,0.0147,0.4558,0.2083,0.3108,0.6926,0.9075,0.3984,0.8711,0.9448,3844,0.2232,0.5141,0.8702,262,0.2936,0.693,0.9731,0.8845,0.842,0.9273,0.9713,0.9294,0.6252,1.9021,
96,8e-07,1.6409,0.4219,0.0063,,,,,,,,,,,,,,,,,,,,,,,,
97,4e-07,1.6316,0.4144,0.0164,,,,,,,,,,,,,,,,,,,,,,,,
98,2e-07,1.6293,0.4294,0.0255,,,,,,,,,,,,,,,,,,,,,,,,
99,0.0,1.5441,0.4003,0.0141,,,,,,,,,,,,,,,,,,,,,,,,
100,0.0,1.6467,0.4086,0.0192,0.4548,0.2088,0.3141,0.6974,0.8979,0.396,0.8723,0.9446,3844,0.2321,0.5226,0.8511,262,0.2953,0.7032,0.9741,0.8832,0.8378,0.9197,0.9639,0.9291,0.6203,1.9019,
